{
  "rf": {
    "f1_mean": 0.8907980038549461,
    "f1_std": 0.005440081290341719,
    "auc_mean": 0.9551508095722383,
    "auc_std": 0.0037723608763049464,
    "cat_f1": {
      "bot": 0.8431304347826087,
      "genuine": 0.9384216275259422,
      "macro": 0.8907760311542754
    }
  },
  "sage_vanilla_random": {
    "0.0": {
      "f1_mean": 0.8832975706375283,
      "f1_std": 0.006221502718861363,
      "auc_mean": 0.9543331475694552,
      "auc_std": 0.004872768445180339,
      "cat_f1": {
        "bot": 0.8304051631409107,
        "genuine": 0.9361673414304993,
        "macro": 0.883286252285705
      }
    },
    "0.2": {
      "f1_mean": 0.8830028585422411,
      "f1_std": 0.006411198429238892,
      "auc_mean": 0.9548162388952266,
      "auc_std": 0.007007893523826611,
      "cat_f1": {
        "bot": 0.83134223471539,
        "genuine": 0.9347205222358221,
        "macro": 0.8830313784756061
      }
    },
    "0.4": {
      "f1_mean": 0.8820762286928916,
      "f1_std": 0.006602706197189971,
      "auc_mean": 0.9530700928698863,
      "auc_std": 0.0033729616472597083,
      "cat_f1": {
        "bot": 0.8295956206957443,
        "genuine": 0.9345096708517137,
        "macro": 0.882052645773729
      }
    },
    "0.6": {
      "f1_mean": 0.8845308050814168,
      "f1_std": 0.005661146171248671,
      "auc_mean": 0.9538475095947211,
      "auc_std": 0.0045158530492426805,
      "cat_f1": {
        "bot": 0.8334212840809146,
        "genuine": 0.9356351525861483,
        "macro": 0.8845282183335315
      }
    },
    "robustness_auc": 0.8829977583648685
  },
  "tresa_random": {
    "0.0": {
      "f1_mean": 0.8832595799208489,
      "f1_std": 0.006935909149385774,
      "auc_mean": 0.9520142564157119,
      "auc_std": 0.00691789165721423,
      "cat_f1": {
        "bot": 0.8301547319179561,
        "genuine": 0.9363881401617251,
        "macro": 0.8832714360398406
      }
    },
    "0.2": {
      "f1_mean": 0.8824033449808264,
      "f1_std": 0.0058426100259072545,
      "auc_mean": 0.9594366695670672,
      "auc_std": 0.005066235351371215,
      "cat_f1": {
        "bot": 0.8339175429811384,
        "genuine": 0.9309363503852294,
        "macro": 0.8824269466831839
      }
    },
    "0.4": {
      "f1_mean": 0.8813496919671557,
      "f1_std": 0.006878148163665831,
      "auc_mean": 0.9590629871682846,
      "auc_std": 0.0028148544468943933,
      "cat_f1": {
        "bot": 0.8321608040201005,
        "genuine": 0.9305517050180205,
        "macro": 0.8813562545190605
      }
    },
    "0.6": {
      "f1_mean": 0.8820728497519077,
      "f1_std": 0.004401950856951135,
      "auc_mean": 0.9594496336659345,
      "auc_std": 0.004190547717126206,
      "cat_f1": {
        "bot": 0.8328564214778656,
        "genuine": 0.9313135505291554,
        "macro": 0.8820849860035105
      }
    },
    "robustness_auc": 0.8821397505947869
  },
  "sage_vanilla_degree_biased": {
    "0.0": {
      "f1_mean": 0.8849201684771719,
      "f1_std": 0.006254001037872037,
      "auc_mean": 0.9530872936350392,
      "auc_std": 0.003984943504275525,
      "cat_f1": {
        "bot": 0.8331849741855083,
        "genuine": 0.9366078073202084,
        "macro": 0.8848963907528584
      }
    },
    "0.2": {
      "f1_mean": 0.8816271389361823,
      "f1_std": 0.004352421730598333,
      "auc_mean": 0.9511057698393582,
      "auc_std": 0.007874013108102661,
      "cat_f1": {
        "bot": 0.8287841191066998,
        "genuine": 0.9345351043643264,
        "macro": 0.8816596117355131
      }
    },
    "0.4": {
      "f1_mean": 0.8825045782204161,
      "f1_std": 0.010102120878808643,
      "auc_mean": 0.9532521595854527,
      "auc_std": 0.0061363679571511,
      "cat_f1": {
        "bot": 0.8294601358598498,
        "genuine": 0.9355579573088354,
        "macro": 0.8825090465843426
      }
    },
    "0.6": {
      "f1_mean": 0.8816255240498329,
      "f1_std": 0.005771146428258767,
      "auc_mean": 0.9513454205554565,
      "auc_std": 0.00561467973602162,
      "cat_f1": {
        "bot": 0.8280071813285458,
        "genuine": 0.9353925006743998,
        "macro": 0.8816998410014728
      }
    },
    "robustness_auc": 0.8824681878067002
  },
  "tresa_degree_biased": {
    "0.0": {
      "f1_mean": 0.8839762257602098,
      "f1_std": 0.0073570129182039985,
      "auc_mean": 0.9547038233259627,
      "auc_std": 0.005718391028651187,
      "cat_f1": {
        "bot": 0.8318804483188045,
        "genuine": 0.936049265750829,
        "macro": 0.8839648570348168
      }
    },
    "0.2": {
      "f1_mean": 0.8829847593582333,
      "f1_std": 0.006964510967639805,
      "auc_mean": 0.9593918563806068,
      "auc_std": 0.003952041803502105,
      "cat_f1": {
        "bot": 0.8348058009668278,
        "genuine": 0.9311757760955622,
        "macro": 0.882990788531195
      }
    },
    "0.4": {
      "f1_mean": 0.8815498602436673,
      "f1_std": 0.00699225851492874,
      "auc_mean": 0.9588779748473314,
      "auc_std": 0.003417995572506073,
      "cat_f1": {
        "bot": 0.8323835065370433,
        "genuine": 0.9307095343680709,
        "macro": 0.8815465204525571
      }
    },
    "0.6": {
      "f1_mean": 0.8810294973987416,
      "f1_std": 0.007536373067595105,
      "auc_mean": 0.9565312943529454,
      "auc_std": 0.002755355523170167,
      "cat_f1": {
        "bot": 0.8311951384199865,
        "genuine": 0.9309105983142186,
        "macro": 0.8810528683671026
      }
    },
    "robustness_auc": 0.8823458270604588
  }
}