{
  "rf": {
    "f1_mean": 0.8907980038549461,
    "f1_std": 0.005440081290341719,
    "auc_mean": 0.9551508095722383,
    "auc_std": 0.0037723608763049464,
    "cat_f1": {
      "bot": 0.8431304347826087,
      "genuine": 0.9384216275259422,
      "macro": 0.8907760311542754
    }
  },
  "sage_vanilla_random": {
    "0.0": {
      "f1_mean": 0.883093182946656,
      "f1_std": 0.007508381673274837,
      "auc_mean": 0.9540906017049482,
      "auc_std": 0.004357318134201478,
      "cat_f1": {
        "bot": 0.8315512708150745,
        "genuine": 0.9345947049615463,
        "macro": 0.8830729878883103
      }
    },
    "0.2": {
      "f1_mean": 0.8843336107514403,
      "f1_std": 0.00846087780401592,
      "auc_mean": 0.9555754386707221,
      "auc_std": 0.004579860677520574,
      "cat_f1": {
        "bot": 0.833245475311896,
        "genuine": 0.9354729040592915,
        "macro": 0.8843591896855938
      }
    },
    "0.4": {
      "f1_mean": 0.882900233393111,
      "f1_std": 0.006376782373485015,
      "auc_mean": 0.9553246348708413,
      "auc_std": 0.005802709486248705,
      "cat_f1": {
        "bot": 0.8322680946622906,
        "genuine": 0.9335341228010131,
        "macro": 0.8829011087316518
      }
    },
    "0.6": {
      "f1_mean": 0.8838578827400747,
      "f1_std": 0.009103870055407002,
      "auc_mean": 0.9546546568468923,
      "auc_std": 0.006035267012704137,
      "cat_f1": {
        "bot": 0.8331010452961672,
        "genuine": 0.9346431982535134,
        "macro": 0.8838721217748403
      }
    },
    "robustness_auc": 0.8835697923293055
  },
  "tresa_random": {
    "0.0": {
      "f1_mean": 0.8822131571992801,
      "f1_std": 0.006245228977842705,
      "auc_mean": 0.9538340819390836,
      "auc_std": 0.005380985208545587,
      "cat_f1": {
        "bot": 0.8290766208251473,
        "genuine": 0.9353334684775998,
        "macro": 0.8822050446513736
      }
    },
    "0.2": {
      "f1_mean": 0.8818105730138907,
      "f1_std": 0.005588929295536863,
      "auc_mean": 0.9590768985490232,
      "auc_std": 0.003811004590865818,
      "cat_f1": {
        "bot": 0.8324633776730089,
        "genuine": 0.9311847292343869,
        "macro": 0.8818240534536979
      }
    },
    "0.4": {
      "f1_mean": 0.8817336040022583,
      "f1_std": 0.005440982803541227,
      "auc_mean": 0.9596359563801118,
      "auc_std": 0.0031491642845889946,
      "cat_f1": {
        "bot": 0.8322939490982639,
        "genuine": 0.9312132734185966,
        "macro": 0.8817536112584303
      }
    },
    "0.6": {
      "f1_mean": 0.8815074983874697,
      "f1_std": 0.003686582185731556,
      "auc_mean": 0.95949935847777,
      "auc_std": 0.003972922166695534,
      "cat_f1": {
        "bot": 0.8322418136020151,
        "genuine": 0.9308315446929308,
        "macro": 0.881536679147473
      }
    },
    "robustness_auc": 0.8818015016031746
  },
  "gcn_vanilla_random": {
    "0.0": {
      "f1_mean": 0.770726286487982,
      "f1_std": 0.00949345103729116,
      "auc_mean": 0.8732425983090849,
      "auc_std": 0.011716531930853487,
      "cat_f1": {
        "bot": 0.6790849673202615,
        "genuine": 0.8624457206891721,
        "macro": 0.7707653440047169
      }
    },
    "0.2": {
      "f1_mean": 0.7716904386975425,
      "f1_std": 0.009497929542456011,
      "auc_mean": 0.8743207214422697,
      "auc_std": 0.01135858192802139,
      "cat_f1": {
        "bot": 0.6765299260255548,
        "genuine": 0.8668512110726644,
        "macro": 0.7716905685491096
      }
    },
    "0.4": {
      "f1_mean": 0.7696599511552661,
      "f1_std": 0.011160866121493234,
      "auc_mean": 0.8713590681383427,
      "auc_std": 0.011118246142663261,
      "cat_f1": {
        "bot": 0.6697916666666667,
        "genuine": 0.8700642164230086,
        "macro": 0.7699279415448377
      }
    },
    "0.6": {
      "f1_mean": 0.7636791508347482,
      "f1_std": 0.011018244385309435,
      "auc_mean": 0.8713702662684731,
      "auc_std": 0.010290273996411794,
      "cat_f1": {
        "bot": 0.6685264194289465,
        "genuine": 0.8587807606263982,
        "macro": 0.7636535900276724
      }
    },
    "robustness_auc": 0.7695177028380581
  },
  "gcn_tresa_random": {
    "0.0": {
      "f1_mean": 0.7700566276756863,
      "f1_std": 0.009556378009062241,
      "auc_mean": 0.872135104375794,
      "auc_std": 0.011064241344507009,
      "cat_f1": {
        "bot": 0.6723578623868874,
        "genuine": 0.8680283336771887,
        "macro": 0.7701930980320381
      }
    },
    "0.2": {
      "f1_mean": 0.762531845039703,
      "f1_std": 0.012963340046381219,
      "auc_mean": 0.8701044869730417,
      "auc_std": 0.013851274416157005,
      "cat_f1": {
        "bot": 0.6695680206318504,
        "genuine": 0.8555727772298154,
        "macro": 0.7625703989308329
      }
    },
    "0.4": {
      "f1_mean": 0.7609564203201558,
      "f1_std": 0.012696478094607071,
      "auc_mean": 0.8688950879368698,
      "auc_std": 0.010513016917796022,
      "cat_f1": {
        "bot": 0.6656886715566422,
        "genuine": 0.8562013601626586,
        "macro": 0.7609450158596505
      }
    },
    "0.6": {
      "f1_mean": 0.7526040268092634,
      "f1_std": 0.008940711298006481,
      "auc_mean": 0.8655962941889157,
      "auc_std": 0.010333694290724154,
      "cat_f1": {
        "bot": 0.6601972139614963,
        "genuine": 0.8450281961596117,
        "macro": 0.752612705060554
      }
    },
    "robustness_auc": 0.7616061975341113
  },
  "gat_vanilla_random": {
    "0.0": {
      "f1_mean": 0.764491697538232,
      "f1_std": 0.007257385698827016,
      "auc_mean": 0.8558398681849726,
      "auc_std": 0.011664953583568248,
      "cat_f1": {
        "bot": 0.6638005159071367,
        "genuine": 0.8659397929095523,
        "macro": 0.7648701544083445
      }
    },
    "0.2": {
      "f1_mean": 0.7538817480233728,
      "f1_std": 0.039639916574781574,
      "auc_mean": 0.8386568968683811,
      "auc_std": 0.03096480448052648,
      "cat_f1": {
        "bot": 0.6475553992261696,
        "genuine": 0.863784665579119,
        "macro": 0.7556700324026443
      }
    },
    "0.4": {
      "f1_mean": 0.7677928937073302,
      "f1_std": 0.05885489234155159,
      "auc_mean": 0.8479506762116445,
      "auc_std": 0.06346213595661832,
      "cat_f1": {
        "bot": 0.6707877075238432,
        "genuine": 0.8735070575461455,
        "macro": 0.7721473825349944
      }
    },
    "0.6": {
      "f1_mean": 0.7718148065405848,
      "f1_std": 0.04980021808803403,
      "auc_mean": 0.8623824342147547,
      "auc_std": 0.03305459737632223,
      "cat_f1": {
        "bot": 0.6789236169145914,
        "genuine": 0.8667360388484218,
        "macro": 0.7728298278815066
      }
    },
    "robustness_auc": 0.7632759645900371
  },
  "gat_tresa_random": {
    "0.0": {
      "f1_mean": 0.7638786106933563,
      "f1_std": 0.016039578590960522,
      "auc_mean": 0.8544882482183915,
      "auc_std": 0.02260271312925848,
      "cat_f1": {
        "bot": 0.6659870880054366,
        "genuine": 0.8645259095920618,
        "macro": 0.7652564987987491
      }
    },
    "0.2": {
      "f1_mean": 0.7503929991721806,
      "f1_std": 0.006556715867363011,
      "auc_mean": 0.8448506906566632,
      "auc_std": 0.005990921927881119,
      "cat_f1": {
        "bot": 0.6452162070139599,
        "genuine": 0.8565133572018727,
        "macro": 0.7508647821079163
      }
    },
    "0.4": {
      "f1_mean": 0.7429072725787992,
      "f1_std": 0.013680669634206706,
      "auc_mean": 0.8382274653875242,
      "auc_std": 0.015076245928357056,
      "cat_f1": {
        "bot": 0.6210113827206568,
        "genuine": 0.864951127069619,
        "macro": 0.7429812548951379
      }
    },
    "0.6": {
      "f1_mean": 0.7283267003622548,
      "f1_std": 0.011198058660836813,
      "auc_mean": 0.8216987264161304,
      "auc_std": 0.007953540901768958,
      "cat_f1": {
        "bot": 0.5978947368421053,
        "genuine": 0.8615303499637514,